Fname,Lname,Mname,DateOfBirth,Suffix,Prefix,ActiveFlag,CreateDate,UpdateDate,CreatedBy,UpdatedBy,GenderID,RaceCode,Race Description,IdentityDocID,IdentityDocType,RaceDetails,ab0
Abigail,Abraham,L,18-10-1942,,,Y,04-07-2013 00:00,09-07-2013 00:00,100001,100001,1,F5,Black,1468779,SSN,1,ab1
John,Don,L,19-10-1942,,,Y,05-07-2013 00:00,10-07-2013 00:00,100002,100002,1,F6,Asia,D13679,DL,2,ab2
Unmesh,Kanchan,L,20-10-1942,,,Y,06-07-2013 00:00,11-07-2013 00:00,100003,100003,1,F7,Spanish,D13680,DL,3,ab3
Sanjib,Nayak,L,21-10-1942,,,Y,07-07-2013 00:00,12-07-2013 00:00,100004,100004,1,F8,French,D13681,DL,4,ab4
Abigail,Abraham,L,22-10-1942,,,Y,08-07-2013 00:00,13-07-2013 00:00,100005,100005,1,F9,Black,1468779,SSN,5,ab5
John1,Don1,L,23-10-1942,,,Y,09-07-2013 00:00,14-07-2013 00:00,100006,100006,1,F10,White,1468780,SSN,6,ab6
John2,Don2,L,24-10-1942,,,Y,10-07-2013 00:00,15-07-2013 00:00,100007,100007,1,,,,,,ab7
John3,Don3,L,25-10-1942,,,Y,11-07-2013 00:00,16-07-2013 00:00,100008,100008,1,,,,,,ab8
Sanjib,Nayak,L,26-10-1942,,,Y,12-07-2013 00:00,17-07-2013 00:00,100009,100009,1,,,,,,ab9
